<?xml version="1.0" encoding="ISO-8859-1"?>
<data>
  <valuelists>
    
<!-- dm_acl -->
    <list name="dm_acl" tag="45" attribute="acl_class" from="1.0" to="9.99">
      <listitem value="0">Regular ACL</listitem>
      <listitem value="1">Template ACL</listitem>
      <listitem value="2">Template instance</listitem>
      <listitem value="3">Public ACL</listitem>
    </list>
        
<!-- dm_activity -->
    <list name="dm_activity" tag="4c" attribute="control_flag" from="1.0" to="9.99">
      <listitem value="0">reassigned to supervisor</listitem>
      <listitem value="1">reassigned to performer</listitem>
    </list>

    <list name="dm_activity" tag="4c" attribute="exec_err_handling" from="1.0" to="9.99">
      <listitem value="0">stop</listitem>
      <listitem value="1">proceed</listitem>
    </list>

    <list name="dm_activity" tag="4c" attribute="exec_type" from="1.0" to="9.99">
      <listitem value="0">manual</listitem>
      <listitem value="1">automatic</listitem>
    </list>

    <list name="dm_activity" tag="4c" attribute="performer_flag" from="1.0" to="9.99">
      <listitem value="0">Allow none</listitem>
      <listitem value="1">Allow delegation</listitem>
      <listitem value="2">Allow extension</listitem>
      <listitem value="3">Allow both</listitem>
    </list>

    <list name="dm_activity" tag="4c" attribute="performer_type" from="1.0" to="5.2.5">
      <listitem value="0">Workflow supervisor</listitem>
      <listitem value="1">Docbase owner</listitem>
      <listitem value="2">Last performer</listitem>
      <listitem value="3">A user</listitem>
      <listitem value="4">All members in a group</listitem>
      <listitem value="5">Any user in a group</listitem>
      <listitem value="6">The group member who is least loaded</listitem>
      <listitem value="8">Some members of a group or some users in the Docbase</listitem>
      <listitem value="9">Some members of a group or some users in the Docbase xsequentially</listitem>
    </list>

    <list name="dm_activity" tag="4c" attribute="performer_type" from="5.3" to="9.99">
      <listitem value="0">Workflow supervisor</listitem>
      <listitem value="1">Docbase owner</listitem>
      <listitem value="2">Last performer</listitem>
      <listitem value="3">A user</listitem>
      <listitem value="4">All members in a group</listitem>
      <listitem value="5">Any user in a group</listitem>
      <listitem value="6">The group member who is least loaded</listitem>
      <listitem value="8">Some members of a group or some users in the Docbase</listitem>
      <listitem value="9">Some members of a group or some users in the Docbase xsequentially</listitem>
      <listitem value="10">A user from a work queue</listitem>
    </list>
    
    <list name="dm_activity" tag="4c" attribute="r_definition_state" from="1.0" to="9.99">
      <listitem value="0">Draft</listitem>
      <listitem value="1">Validated</listitem>
      <listitem value="2">Installed</listitem>
    </list>
    
    <list name="dm_activity" tag="4c" attribute="r_package_flag" from="5.3" to="9.99">
      <listitem value="0">invisible, cannot be empty</listitem>
      <listitem value="1">visible, cannot be empty</listitem>
      <listitem value="2">invisible, may be empty</listitem>
      <listitem value="3">visible, may be empty</listitem>
    </list>

    <list name="dm_activity" tag="4c" attribute="resolve_type" from="1.0" to="9.99">
      <listitem value="0">Normal</listitem>
      <listitem value="1">Use alias set associated with incoming package</listitem>
      <listitem value="2">Use alias set associated with user or group</listitem>
    </list>
    
    <list name="dm_activity" tag="4c" attribute="transition_flag" from="1.0" to="9.99">
      <listitem value="0">Trigger all selected ouptut links</listitem>
      <listitem value="1">Trigger only revert links if selected, else trigger selected forward links.</listitem>
      <listitem value="2">Trigger only forward links if selected, else trigger selected revert links.</listitem>
      <listitem value="3">Trigger revert link immediately if selected</listitem>
      <listitem value="4">Trigger a forward link immediately</listitem>
    </list>

    <list name="dm_activity" tag="4c" attribute="transition_type" from="1.0" to="9.99">
      <listitem value="0">Prescribed</listitem>
      <listitem value="1">Manual</listitem>
      <listitem value="2">Automatic</listitem>
    </list>


<!-- dm_alias_set -->
    <list name="dm_alias_set" tag="66" attribute="alias_category" from="1.0" to="9.99">
      <listitem value="0">Unknown</listitem>
      <listitem value="1">User 2Group</listitem>
      <listitem value="3">User or Group</listitem>
      <listitem value="4">Cabinet path</listitem>
      <listitem value="5">Folder path</listitem>
      <listitem value="2">ACL name</listitem>
    </list>

<!-- dm_application -->
    <list name="dm_application" tag="08" attribute="content_transfer_option" from="1.0" to="9.99">
      <listitem value="0">Copy all contained objects</listitem>
      <listitem value="1">Copy only the hierarchy</listitem>
      <listitem value="2">Copy only cabinet/folder</listitem>
      <listitem value="3">Copy only cabinet/folder and documents</listitem>
    </list>

    <list name="dm_application" tag="08" attribute="upgrade_option" from="1.0" to="9.99">
      <listitem value="0">Overwrite</listitem>
      <listitem value="1">Ignore</listitem>
      <listitem value="2">Version</listitem>
    </list>

<!-- dm_component -->
    <list name="dm_component" tag="08" attribute="build_technology" from="1.0" to="9.99">
      <listitem value="1">ACX</listitem>
      <listitem value="16">WIN 32 Exe</listitem>
      <listitem value="32">Data module</listitem>
    </list>

<!-- dmc_jar -->
    <list name="dmc_jar" tag="08" attribute="jar_type" from="5.3" to="9.99">
      <listitem value="1">Interface</listitem>
      <listitem value="2">Implementation</listitem>
      <listitem value="3">Both</listitem>
    </list>

<!-- dm_job -->
    <list name="dm_job" tag="08" attribute="run_mode" from="1.0" to="9.99">
      <listitem value="1">Minutes</listitem>
      <listitem value="2">Hours</listitem>
      <listitem value="3">Days</listitem>
      <listitem value="4">Weeks</listitem>
      <listitem value="5">Months</listitem>
      <listitem value="7">Day of week</listitem>
      <listitem value="8">Day of month</listitem>
      <listitem value="9">Day of year</listitem>
    </list>

<!-- dm_qual_comp -->
    <list name="dm_qual_comp" tag="08" attribute="client_capability" from="1.0" to="9.99">
      <listitem value="0">None</listitem>
      <listitem value="1">Consumer</listitem>
      <listitem value="2">Contributor</listitem>
      <listitem value="3">Contributor and Consumer</listitem>
      <listitem value="4">Coordinator</listitem>
      <listitem value="5">Coordinator and Consumer</listitem>
      <listitem value="6">Coordinator and Contributor</listitem>
      <listitem value="7">Coordinator, Contributor and Consumer</listitem>
      <listitem value="8">Administrator</listitem>
      <listitem value="9">Administrator and Consumer</listitem>
      <listitem value="10">Administrator and Contributor</listitem>
      <listitem value="11">Administrator, Contributor and Consumer</listitem>
      <listitem value="12">Administrator and Contributor</listitem>
      <listitem value="13">Administrator, Coordinator and Consumer</listitem>
      <listitem value="14">Administrator, Coordinator and Contributor</listitem>
      <listitem value="15">All users</listitem>
    </list>

<!-- dm_relation_type -->
    <list name="dm_relation_type" tag="38" attribute="copy_child" from="5.3" to="9.99">
      <listitem value="0">Do not copy</listitem>
      <listitem value="1">Copy child</listitem>
    </list>

    <list name="dm_relation_type" tag="38" attribute="direction_kind" from="1.0" to="9.99">
      <listitem value="0">From parent to child</listitem>
      <listitem value="1">From child to parent</listitem>
      <listitem value="2">Bidirectional</listitem>
    </list>

    <list name="dm_relation_type" tag="38" attribute="integrity_kind" from="1.0" to="9.99">
      <listitem value="0">Allow delete</listitem>
      <listitem value="1">Restrict delete</listitem>
      <listitem value="2">Cascade delete</listitem>
    </list>

    <list name="dm_relation_type" tag="38" attribute="security_type" from="1.0" to="9.99">
      <listitem value="SYSTEM">SYSTEM</listitem>
      <listitem value="PARENT">PARENT</listitem>
      <listitem value="CHILD">CHILD</listitem>
      <listitem value="NONE">NONE</listitem>
    </list>

<!-- dm_user -->
    <list name="dm_user" tag="11" attribute="client_capability" from="1.0" to="9.99">
      <listitem value="0">Consumer</listitem>
      <listitem value="1">Consumer</listitem>
      <listitem value="2">Contributor</listitem>
      <listitem value="4">Coordinator</listitem>
      <listitem value="8">Administrator</listitem>
    </list>

    <list name="dm_user" tag="11" attribute="user_privileges" from="1.0" to="9.99">
      <listitem value="0">None</listitem>
      <listitem value="1">Create Type</listitem>
      <listitem value="2">Create Cabinet</listitem>
      <listitem value="3">Create Type,Cabinet</listitem>
      <listitem value="4">Create Group</listitem>
      <listitem value="5">Create Group,Type</listitem>
      <listitem value="6">Create Group,Cabinet</listitem>
      <listitem value="7">Create Group,Cabinet,Type</listitem>
      <listitem value="8">Sysadmin</listitem>
      <listitem value="16">Superuser</listitem>
    </list>

    <list name="dm_user" tag="11" attribute="user_source" from="1.0" to="9.99">
      <listitem value="LDAP">LDAP</listitem>
      <listitem value="unix only">unix only</listitem>
      <listitem value="domain only">domain only</listitem>
      <listitem value="unix first">unix first</listitem>
      <listitem value="domain first">domain first</listitem>
      <listitem value="inline password">inline password</listitem>
      <listitem value="[plugin_identifier]">[plugin_identifier]</listitem>
    </list>

    <list name="dm_user" tag="11" attribute="user_state" from="1.0" to="5.2.5">
      <listitem value="0">active</listitem>
      <listitem value="1">inactive</listitem>
      <listitem value="2">locked</listitem>
    </list>

    <list name="dm_user" tag="11" attribute="user_state" from="5.3" to="9.99">
      <listitem value="0">active</listitem>
      <listitem value="1">inactive</listitem>
      <listitem value="2">locked</listitem>
      <listitem value="3">locked and inactive</listitem>
    </list>

    <list name="dm_user" tag="11" attribute="user_xprivileges" from="1.0" to="9.99">
      <listitem value="0">None</listitem>
      <listitem value="8">Config Audit</listitem>
      <listitem value="16">Purge Audit</listitem>
      <listitem value="24">Config, Purge Audit</listitem>
      <listitem value="32">View Audit</listitem>
      <listitem value="40">Config, View Audit</listitem>
      <listitem value="48">Purge, View Audit</listitem>
      <listitem value="56">Config, Purge, View Audit</listitem>
    </list>

<!-- dm_document -->
    <list name="dm_document" tag="09" attribute="world_permit" from="1.0" to="9.99">
      <listitem value="1">None</listitem>
      <listitem value="2">Browse</listitem>
      <listitem value="3">Read</listitem>
      <listitem value="4">Relate</listitem>
      <listitem value="5">Version</listitem>
      <listitem value="6">Write</listitem>
      <listitem value="7">Delete</listitem>
    </list>

    <list name="dm_document" tag="09" attribute="group_permit" from="1.0" to="9.99">
      <listitem value="1">None</listitem>
      <listitem value="2">Browse</listitem>
      <listitem value="3">Read</listitem>
      <listitem value="4">Relate</listitem>
      <listitem value="5">Version</listitem>
      <listitem value="6">Write</listitem>
      <listitem value="7">Delete</listitem>
    </list>
    
    <list name="dm_document" tag="09" attribute="owner_permit" from="1.0" to="9.99">
      <listitem value="1">None</listitem>
      <listitem value="2">Browse</listitem>
      <listitem value="3">Read</listitem>
      <listitem value="4">Relate</listitem>
      <listitem value="5">Version</listitem>
      <listitem value="6">Write</listitem>
      <listitem value="7">Delete</listitem>
    </list>
        
  </valuelists>
</data>

  