<?xml version="1.0" encoding="ISO-8859-1"?>
<data>
  <hints>
    <hint tag='09'>
      <line>Doctype: {r_object_type}</line>
      <line>Checkedout by: {r_lock_owner}</line>
      <line>Checkedout on: {r_lock_date}</line>
      <line repeating="col">Version: {r_version_label}</line>
    </hint>
    <hint tag='11'>
      <line>Name: {user_name}</line>
      <line>State: {user_state}</line>
      <line>Capability: {client_capability}</line>
      <line>Privileges: {user_privileges}</line>
      <line>xPrivileges: {user_xprivileges}</line>
    </hint>
    <hint tag='45'>
      <line>Name: {object_name}</line>
      <line repeating="col">User:{r_accessor_name}   Permissions:{r_accessor_permit}   Extended:{_accessor_xpermit_names}</line>
    </hint>
    <hint tag='0b'>
      <line>ACL: {acl_name}</line>
      <line repeating="col">     {r_folder_path}</line>
    </hint>
    <hint tag='12'>
      <line>Name: {group_name}</line>
      <line>Description: {description}</line>
      <line repeating="row">Users:  {users_names}</line>
      <line repeating="row">Groups: {groups_names}</line>
    </hint>  
  </hints>
  
  <translations>
    <translation attribute="user_state" bitwise="F">
      <value source="0">Active</value>
      <value source="1">Inactive</value>
    </translation>
    
    <translation attribute="client_capability" bitwise="F">
      <value source="0">Consumer</value>
      <value source="1">Consumer</value>
      <value source="2">Contributor</value>
      <value source="4">Coordinator</value>
      <value source="8">System Administrator</value>
    </translation>

    <translation attribute="user_privileges" bitwise="T">
      <value source="16">Superuser</value>
      <value source="8">Sysadmin</value>
      <value source="4">Create Group</value>
      <value source="2">Create Cabinet</value>
      <value source="1">Create Type</value>
      <value source="0">None</value>
    </translation>

    <translation attribute="user_xprivileges" bitwise="T">
      <value source="0">None</value>
      <value source="8">Config Audit</value>
      <value source="16">Purge Audit</value>
      <value source="32">View Audit</value>
    </translation>
        
    <translation attribute="r_accessor_permit" bitwise="F">
      <value source="1">None</value>
      <value source="2">Browse</value>
      <value source="3">Read</value>
      <value source="4">Relate</value>
      <value source="5">Version</value>
      <value source="6">Write</value>
      <value source="7">Delete</value>
    </translation>
  </translations>
</data>

