<?xml version="1.0" encoding="ISO-8859-1"?>
<data>
  <fixed>
  
    <list name="Date parts">
      <keys>
        <key endchar=",">dateadd(</key>
        <key endchar=",">DateDiff(</key>
      </keys>
      <values>
        <value>day</value>
        <value>month</value>
        <value>week</value>
        <value>year</value>
      </values>
    </list>
    
    <list name="Datefloor">
      <keys>
        <key endchar=",">datefloor(</key>
      </keys>
      <values>
        <value>day</value>
        <value>month</value>
        <value>year</value>
      </values>
    </list>
    
    <list name="Privileges">
      <keys>
        <key endchar=" ">Grant </key>
        <key endchar=" ">Revoke </key>
      </keys>
      <values>
        <value>Superuser</value>
        <value>Sysadmin</value>
        <value>Create Type</value>
        <value>Create Cabinet</value>
        <value>Create Group</value>
        <value>Config Audit</value>
        <value>Purge Audit</value>
        <value>View Audit</value>
      </values>
    </list>
    
    <list name="Execute">
      <keys>
        <key endchar=" ">Execute </key>
      </keys>
      <values>
        <value>can_fetch FOR</value>
        <value>check_cache_config</value>
        <value>check_retention_expired</value>
        <value>check_security</value>
        <value>clean_links</value>
        <value>db_stats</value>
        <value>delete_replica</value>
        <value>destroy_content</value>
        <value>do_method</value>
        <value>drop_index</value>
        <value>estimate_search</value>
        <value>exec_sql</value>
        <value>export_ticket_key</value>
        <value>finish_index_moves</value>
        <value>fix_link_cnt</value>
        <value>get_file_url</value>
        <value>get_inbox</value>
        <value>get_last_sql</value>
        <value>get_path</value>
        <value>get_session_dd_locale</value>
        <value>http_post</value>
        <value>import_replica</value>
        <value>import_ticket_key</value>
        <value>list_auth_plugins</value>
        <value>list_resources</value>
        <value>list_sessions</value>
        <value>list_targets</value>
        <value>log_off</value>
        <value>log_on</value>
        <value>make_index</value>
        <value>mark_as_archived</value>
        <value>mark_for_retry</value>
        <value>migrate_content</value>
        <value>modify_trace</value>
        <value>move_index</value>
        <value>purge_audit</value>
        <value>purge_content</value>
        <value>push_content_attrs</value>
        <value>recover_timeout_tasks</value>
        <value>recover_auto_tasks</value>
        <value>register_asset</value>
        <value>reorganize_table</value>
        <value>replicate</value>
        <value>reset_ticket_key</value>
        <value>restore_content</value>
        <value>roles_for_user</value>
        <value>set_apideadlock</value>
        <value>set_content_attrs</value>
        <value>set_options</value>
        <value>set_storage_state</value>
        <value>show_sessions</value>
        <value>sync_replica_records</value>
        <value>transcode_content</value>
        <value>update_statistics</value>
      </values>
    </list>
    
    <list name="Enable" to="5.99">
      <keys>
        <key >ENABLE </key>
      </keys>
      <values>
        <value>(SQL_DEF_RESULT_SET </value>
        <value>(FORCE_ORDER)</value>
        <value>(RETURN_TOP </value>
        <value>(OPTIMIZE_TOP </value>
        <value>(FETCH_ALL_RESULTS </value>
        <value>(OPTIMIZATION_LEVEL </value>
        <value>(UNCOMMITTED_READ)</value>
        <value>(FTDQL)</value>
        <value>(NOFTDQL)</value>
        <value>(ROW_BASED)</value>
      </values>
    </list>
    
    <list name="Enable2" to="5.99">
      <keys>
        <key >ENABLE(</key>
     </keys>
      <values>
        <value>SQL_DEF_RESULT_SET </value>
        <value>FORCE_ORDER)</value>
        <value>RETURN_TOP </value>
        <value>OPTIMIZE_TOP </value>
        <value>FETCH_ALL_RESULTS </value>
        <value>OPTIMIZATION_LEVEL </value>
        <value>UNCOMMITTED_READ)</value>
        <value>FTDQL)</value>
        <value>NOFTDQL)</value>
        <value>ROW_BASED)</value>
      </values>
    </list>

    <list name="Enable" from="6.0">
      <keys>
        <key >ENABLE </key>
      </keys>
      <values>
        <value>(SQL_DEF_RESULT_SET </value>
        <value>(FORCE_ORDER)</value>
        <value>(RETURN_TOP </value>
        <value>(OPTIMIZE_TOP </value>
        <value>(FETCH_ALL_RESULTS </value>
        <value>(OPTIMIZATION_LEVEL </value>
        <value>(UNCOMMITTED_READ)</value>
        <value>(FTDQL)</value>
        <value>(NOFTDQL)</value>
        <value>(ROW_BASED)</value>
        <value>(TRY_FTDQL_FIRST)</value>
        <value>(GROUP_LIST_LIMIT </value>
      </values>
    </list>
    
    <list name="Enable2"  from="6.0">
      <keys>
        <key >ENABLE(</key>
     </keys>
      <values>
        <value>SQL_DEF_RESULT_SET </value>
        <value>FORCE_ORDER)</value>
        <value>RETURN_TOP </value>
        <value>OPTIMIZE_TOP </value>
        <value>FETCH_ALL_RESULTS </value>
        <value>OPTIMIZATION_LEVEL </value>
        <value>UNCOMMITTED_READ)</value>
        <value>FTDQL)</value>
        <value>NOFTDQL)</value>
        <value>ROW_BASED)</value>
        <value>TRY_FTDQL_FIRST)</value>
        <value>GROUP_LIST_LIMIT </value>
      </values>
    </list>

  </fixed>
  
  <dynamic>

    <list name="Type">
      <keys>
        <key endchar=" ">Alter Type </key>
        <key endchar=" ">Drop Type </key>
        <key endchar=" " querytype="change">to </key>
      </keys>
      <queries>
        <query prefix="" suffix="">dm_type</query>
      </queries>
    </list>

    <list name="Group">
      <keys>
        <key endchar=" ">Drop Group </key>
        <key endchar=" ">Alter Group </key>
      </keys>
      <queries>
        <query prefix="" suffix="" encloser="'">dm_group</query>
      </queries>
    </list>
    
    <list name="Alter Group Add">
      <keys>
        <key endchar=" " querytype="Alter Group">Add </key>
        <key endchar=" " querytype="Alter Group">Drop </key>
      </keys>
      <queries>
        <query prefix="" suffix="" encloser="'">dm_user</query>
        <query prefix="" suffix="" encloser="'">dm_group</query>
      </queries>
    </list>
    
    <list name="Alter Aspect" from="6.0">
      <keys>
        <key endchar=" " >Alter Aspect </key>
      </keys>
      <queries>
        <query prefix="" suffix="">dmc_aspect_type</query>
      </queries>
    </list>

    <list name="Change ... Objects">
      <keys>
        <key endchar=" ">change </key>
      </keys>
      <queries>
        <query prefix="" suffix=" objects">dm_type</query>
      </queries>
    </list>
    
    <list name="Create">
      <keys>
        <key endchar=" ">create </key>
      </keys>
      <values>
        <value>GROUP</value>
        <value>PRIVATE GROUP</value>
        <value>PUBLIC GROUP</value>
        <value>TYPE</value>
      </values>
      <queries>
        <query prefix="" suffix=" object">dm_type</query>
      </queries>
    </list>
    
    <list name="Delete [from] ... [objects]">
      <keys>
        <key endchar=" ">delete </key>
      </keys>
      <queries>
        <query prefix="" suffix=" objects">dm_type</query>
        <query prefix="from dm_dbo.">dm_registered</query>
      </queries>
    </list>
    
    <list name="Insert [into] ...">
      <keys>
        <key endchar=" ">insert </key>
      </keys>
      <queries>
        <query prefix="Into dm_dbo.">dm_registered</query>
      </queries>
    </list>

    <list name="Describe">
      <keys>
        <key endchar=" ">describe </key>
      </keys>
      <queries>
        <query prefix="" suffix="">dm_type</query>
        <query prefix="">dm_registered</query>
        <query prefix="dm_dbo.">dm_registered</query>
      </queries>
    </list>
    
    <list name="from type">
      <keys>
        <key endchar=" " querytype="select">from </key>
      </keys>
      <queries>
        <query prefix="" suffix="">dm_type</query>
        <query prefix="dm_dbo.">dm_registered</query>
      </queries>
    </list>
        
    <list name="revoke from user">
      <keys>
        <key endchar=" " querytype="revoke">from </key>
      </keys>
      <queries>
        <query prefix="" suffix="" encloser="'">dm_user</query>
      </queries>
    </list>
    
    <list name="grant to user">
      <keys>
        <key endchar=" " querytype="grant">to </key>
      </keys>
      <queries>
        <query prefix="" suffix="" encloser="'">dm_user</query>
      </queries>
    </list>
    
    <list name="Execute Get_Inbox with name=">
      <keys>
        <key endchar=" " querytype="Execute Get_Inbox">name =</key>
        <key endchar=" " querytype="Execute Get_Inbox">name=</key>
      </keys>
      <queries>
        <query prefix="" suffix="" encloser="'">dm_user</query>
      </queries>
    </list>
    
    <list name="Unregister">
      <keys>
        <key endchar=" ">Unregister </key>
      </keys>
      <queries>
        <query prefix="dm_dbo.">dm_registered</query>
      </queries>
    </list>
    
    <list name="Type and Registered">
      <keys>
        <key endchar=" ">update </key>
      </keys>
      <queries>
        <query prefix="" suffix=" objects">dm_type</query>
        <query prefix="dm_dbo.">dm_registered</query>
      </queries>
    </list>
   
  </dynamic>
  
  <queries>
    <query id="dm_type">select distinct name from dm_type order by name</query>
    <query id="dm_registered">SELECT distinct object_name from dm_registered 
                              WHERE object_name NOT like '%\_s' ESCAPE '\' and 
                                    object_name NOT like '%\_r' ESCAPE '\' 
                              ORDER BY object_name</query>
    <query id="dm_group">select distinct group_name from dm_group order by group_name enable(RETURN_TOP 2000)</query>
    <query id="dm_user">select distinct user_name from dm_user
                        WHERE r_is_group=0
                        ORDER BY user_name
                        enable(RETURN_TOP 5000)</query>
    <query id="dmc_aspect_type" from="6.0">select distinct object_name from dmc_aspect_type
                        ORDER BY 1
                        enable(RETURN_TOP 5000)</query>
  </queries>
    
</data>


