<?xml version="1.0" encoding="ISO-8859-1"?>
<data>
  <template key="SELECT">
SELECT [DISTINCT|ALL|FOR]
  {,} 
FROM
  {}
IN DOCUMENT 
IN ASSEMBLY
SEARCH
IN FTINDEX 
WHERE
  { and | or }
  ESCAPE
GROUP BY
HAVING
UNION
ORDER BY
  {}
ENABLE
  {}

  </template>

  <template key="CHANGE">
CHANGE
  {}
TO
  {}
IN ASSEMBLY
SEARCH
WHERE
  { and | or }
  </template>

  <template key="CREATE TYPE">
CREATE TYPE type_name
  {,}
WITH
  </template>
  
  <template key="DELETE">
DELETE [FROM]
  {}
IN ASSEMBLY
NODE
SEARCH
WHERE
  { and | or }
  </template>
  
  <template key="INSERT">
INSERT
  (
VALUES
  {}
  </template>
  
  <template key="REGISTER">
REGISTER
  (
WITH
  {}
SYNONYM
  </template>
  
  <template key="UPDATE">
UPDATE 
  {}
SET
  {,}
IN ASSEMBLY
NODE
SEARCH
WHERE
  { and | or }
  </template>
</data>



