<?xml version="1.0" encoding="ISO-8859-1"?>
<data>
  <tags version="5.2.5">    
    <object tag="00">dmi_audittrail_attrs</object>
    <object tag="00">dm_state_type</object>
    <object tag="00">dm_auth_config</object>
    <object tag="00">dm_email_address_table</object>
    <object tag="00">dm_root_table</object>
    <object tag="00">dm_user_data_table</object>
    <object tag="00">dmc_completed_workflow</object>
    <object tag="00">dmc_completed_workitem</object>
    <object tag="00">dmc_composite_predicate</object>
    <object tag="00">dmc_readcomment</object>
    <object tag="00">dmc_wf_attachment</object>
    <object tag="00">dmc_wf_timer</object>
    <object tag="00">dmc_workqueue</object>
    <object tag="00">dmc_workqueue_doc_profile</object>
    <object tag="00">dmc_workqueue_policy</object>
    <object tag="00">dmc_workqueue_user_profile</object>
    <object tag="00">dm_message_address</object>
    <object tag="00">dm_message_attachment</object>
    <object tag="00">dm_message_route</object>
    <object tag="00">dm_message_route_user_data</object>
    <object tag="00">dm_message_user_data</object>
    <object tag="00">dmc_routecase_condition</object>
    <object tag="00">dmc_transition_condition</object>
    <object tag="00">dmi_wf_attachment</object>
    <object tag="00">dmi_wf_timer</object>
    <object tag="00">dmc_wq_skill_info</object>
    <object tag="00">dmc_wq_task_skill</object>
    <object tag="00">dmc_wq_user_skill</object>
    <object tag="01">dmi_session</object>
    <object tag="03">dm_type</object>
    <object tag="05">dmr_containment</object>
    <object tag="06">dmr_content</object>
    <object tag="07">dm_app_ref</object>
    <object tag="08">dm_acs_config</object>
    <object tag="08">dm_ci_config</object>
    <object tag="08">dm_job</object>
    <object tag="08">dm_cache_config</object>
    <object tag="08">dm_category_class</object>
    <object tag="08">dm_cryptographic_key</object>
    <object tag="08">dm_public_key_certificate</object>
    <object tag="08">dm_ldap_config</object>
    <object tag="08">dm_locator</object>
    <object tag="08">dm_component</object>
    <object tag="08">dm_media_profile</object>
    <object tag="08">dm_qual_comp</object>
    <object tag="08">dm_webc_target</object>
    <object tag="08">dm_script</object>
    <object tag="08">dm_sysobject</object>
    <object tag="08">dm_smart_list</object>
    <object tag="08">dm_procedure</object>
    <object tag="08">dm_webc_config</object>
    <object tag="08">dm_application</object>
    <object tag="08">dm_ftindex_agent_config</object>
    <object tag="08">dm_ftindex_config</object>
    <object tag="08">dm_job_sequence</object>
    <object tag="08">dm_mail_message</object>
    <object tag="08">dm_network_location_map</object>
    <object tag="08">dm_ssa_policy</object>
    <object tag="08">dmc_jar</object>
    <object tag="08">dmc_rps_retainer</object>
    <object tag="08">dmc_richtext</object>
    <object tag="08">dmc_class</object>
    <object tag="08">dm_bocs_config</object>
    <object tag="08">dm_client_registration</object>
    <object tag="08">dm_client_rights</object>
    <object tag="08">dmc_constraint_set</object>
    <object tag="08">dm_cont_transfer_config</object>
    <object tag="08">dm_dms_config</object>
    <object tag="08">dm_ftengine_config</object>
    <object tag="08">dm_job_request</object>
    <object tag="08">dmc_metamodel</object>
    <object tag="08">dmc_relationship_def</object>
    <object tag="08">dm_validation_descriptor</object>
    <object tag="08">cts_instance_info</object>
    <object tag="08">dm_business_pro</object>
    <object tag="08">dm_decision</object>
    <object tag="08">dm_retainer</object>
    <object tag="08">dmc_comment</object>
    <object tag="09">dm_esign_template</object>
    <object tag="09">dm_docset_run</object>
    <object tag="09">dm_document</object>
    <object tag="09">dm_email_message</object>
    <object tag="09">dm_docset</object>
    <object tag="09">dm_xml_style_sheet</object>
    <object tag="09">dm_xml_custom_code</object>
    <object tag="09">dm_xml_config</object>
    <object tag="09">dm_xml_zone</object>
    <object tag="09">dm_xfm_form</object>
    <object tag="09">dm_xfm_instance</object>
    <object tag="09">dm_xfm_schema</object>
    <object tag="09">dmc_notepage</object>
    <object tag="09">dmc_tcf_activity</object>
    <object tag="09">dmc_tcf_activity_template</object>
    <object tag="09">dm_message_archive</object>
    <object tag="09">dmc_preset_package</object>
    <object tag="0a">dm_query</object>
    <object tag="0b">dm_folder</object>
    <object tag="0b">dm_category</object>
    <object tag="0b">dm_xml_application</object>
    <object tag="0b">dm_taxonomy</object>
    <object tag="0b">dmc_aspect_type</object>
    <object tag="0b">dmc_java_library</object>
    <object tag="0b">dmc_module</object>
    <object tag="0b">dmc_room</object>
    <object tag="0b">dmc_validation_module</object>
    <object tag="0b">dmc_workqueue_category</object>
    <object tag="0b">dmc_module_config</object>
    <object tag="0b">dmc_topic</object>
    <object tag="0c">dm_cabinet</object>
    <object tag="0d">dm_assembly</object>
    <object tag="0e">dm_store</object>
    <object tag="10">dm_method</object>
    <object tag="11">dm_user</object>
    <object tag="12">dm_group</object>
    <object tag="17">dm_outputdevice</object>
    <object tag="19">dm_registered</object>
    <object tag="1b">dmi_queue_item</object>
    <object tag="1c">dmi_tdk_collect</object>
    <object tag="1e">dmi_vstamp</object>
    <object tag="1f">dmi_index</object>
    <object tag="20">dmi_sequence</object>
    <object tag="23">dmi_otherfile</object>
    <object tag="24">dmi_tdk_index</object>
    <object tag="26">dmi_registry</object>
    <object tag="27">dm_format</object>
    <object tag="28">dm_filestore</object>
    <object tag="2a">dm_linkedstore</object>
    <object tag="2b">dmi_linkrecord</object>
    <object tag="2c">dm_distributedstore</object>
    <object tag="2d">dmi_replica_record</object>
    <object tag="2e">dmi_type_info</object>
    <object tag="2f">dm_dump_record</object>
    <object tag="30">dmi_dump_object_record</object>
    <object tag="31">dm_load_record</object>
    <object tag="32">dmi_load_object_record</object>
    <object tag="33">dmi_change_record</object>
    <object tag="37">dm_category_assign</object>
    <object tag="37">dm_relation</object>
    <object tag="37">dm_relation_ssa_policy</object>
    <object tag="37">dmc_wf_package_skill</object>
    <object tag="37">dmc_wf_package_schema</object>
    <object tag="37">dmc_aspect_relation</object>
    <object tag="37">dmc_validation_relation</object>
    <object tag="37">dmc_config_scope_relation</object>
    <object tag="37">dmc_preset_info</object>
    <object tag="37">dmc_process_correlation_set</object>
    <object tag="37">dm_state_extension</object>
    <object tag="38">dm_relation_type</object>
    <object tag="3a">dm_location</object>
    <object tag="3b">dm_fulltext_index</object>
    <object tag="3c">dm_docbase_config</object>
    <object tag="3d">dm_server_config</object>
    <object tag="3e">dm_mount_point</object>
    <object tag="40">dm_blobstore</object>
    <object tag="41">dm_note</object>
    <object tag="45">dm_acl</object>
    <object tag="46">dm_policy</object>
    <object tag="47">dm_reference</object>
    <object tag="49">dmi_package</object>
    <object tag="4a">dmi_workitem</object>
    <object tag="4b">dm_process</object>
    <object tag="4c">dm_activity</object>
    <object tag="4d">dm_workflow</object>
    <object tag="4e">dm_dd_info</object>
    <object tag="4f">dm_nls_dd_info</object>
    <object tag="50">dm_domain</object>
    <object tag="51">dm_aggr_domain</object>
    <object tag="52">dm_expression</object>
    <object tag="53">dm_literal_expr</object>
    <object tag="54">dm_builtin_expr</object>
    <object tag="55">dm_func_expr</object>
    <object tag="56">dm_cond_expr</object>
    <object tag="57">dm_cond_id_expr</object>
    <object tag="58">dmi_expr_code</object>
    <object tag="59">dm_key</object>
    <object tag="5a">dm_value_assist</object>
    <object tag="5b">dm_value_list</object>
    <object tag="5c">dm_value_query</object>
    <object tag="5d">dm_value_func</object>
    <object tag="5e">dm_federation</object>
    <object tag="5f">dm_audittrail_group</object>
    <object tag="5f">dm_audittrail</object>
    <object tag="5f">dm_audittrail_acl</object>
    <object tag="60">dm_extern_store</object>
    <object tag="61">dm_extern_file</object>
    <object tag="62">dm_extern_url</object>
    <object tag="63">dm_extern_free</object>
    <object tag="64">dmi_subcontent</object>
    <object tag="65">dm_foreign_key</object>
    <object tag="66">dm_alias_set</object>
    <object tag="67">dm_plugin</object>
    <object tag="68">dmi_dd_common_info</object>
    <object tag="69">dmi_dd_type_info</object>
    <object tag="6a">dmi_dd_attr_info</object>
    <object tag="6b">dm_display_config</object>
    <object tag="6c">dm_scope_config</object>
    <object tag="6d">dm_ca_store</object>
    <object tag="6e">dm_lightweight</object>
    <object tag="unknown">dm_migrate_rule</object>
    <object tag="unknown">dm_router</object>
    <object tag="unknown">dm_format_preferences</object>
    <object tag="unknown">dm_java</object>
    <object tag="unknown">dm_menu_system</object>
    <object tag="unknown">dm_staged</object>
    <object tag="unknown">dam_ppt_assembly</object>
    <object tag="unknown">dm_docbaseid_map</object>
    <object tag="unknown">dm_sync_list_relation</object>
    <object tag="unknown">dm_timebased_info</object>
    <object tag="unknown">dm_timebased_relation</object>
    <object tag="unknown">dm_shmeconfig</object>
    <object tag="unknown">dm_opticalstore</object>
    <object tag="unknown">dm_timebased_element</object>
    <object tag="unknown">dmi_dist_comp_record</object>
    <object tag="unknown">dmi_recovery</object>
    <object tag="unknown">dmi_transactionlog</object>
  </tags>
</data>