<?xml version="1.0" encoding="ISO-8859-1"?>
<functiondata>
  <function>
    <name>Acquire &amp; Complete Workitem</name>
    <typetaglist>4d</typetaglist>
    <docbaselist></docbaselist>
    <category></category>
    <multiselect>yes</multiselect>
    <query>no</query>
    <active>yes</active>
    <ignore_errors>no</ignore_errors>
    <Create_Debug>no</Create_Debug>
    <api>acquire,c,{i_id}
complete,c,{i_id}
</api>
    <result>Text</result>
    <variables/>
  </function>
  <function>
    <name>Edit</name>
    <typetaglist>08,09</typetaglist>
    <docbaselist></docbaselist>
    <category>Content</category>
    <multiselect>no</multiselect>
    <query>no</query>
    <active>yes</active>
    <ignore_errors>no</ignore_errors>
    <Create_Debug>no</Create_Debug>
    <api>%result%=getfile,c,{r_object_id}

#$EditFile %result%
#$Sleep 500

checkout,c,{r_object_id}
setfile,c,{r_object_id},%result%
checkin,c,{r_object_id}
</api>
    <result>None</result>
    <variables/>
  </function>
  <function>
    <name>Export</name>
    <typetaglist>09,08</typetaglist>
    <docbaselist></docbaselist>
    <category>Content</category>
    <multiselect>yes</multiselect>
    <query>no</query>
    <active>yes</active>
    <ignore_errors>no</ignore_errors>
    <Create_Debug>no</Create_Debug>
    <api>%name%  = get,c,{r_object_id},object_name
%format%= get,c,{r_object_id},a_content_type 
%f_id%  = id,c,dm_format where name='%format%'
%ext%   = get,c,%f_id%,dos_extension

getfile,c,{r_object_id},%directory%\%name%.%ext%

</api>
    <result>Count</result>
    <variables>
      <variable name="directory" valid="global" mandatory="yes">
        <caption>Bitte geben Sie das Zielverzeichnis an:</caption>
        <default></default>
        <style>directory</style>
        <value></value>
      </variable>
    </variables>
  </function>
  <function>
    <name>View</name>
    <typetaglist>08,09</typetaglist>
    <docbaselist></docbaselist>
    <category>Content</category>
    <multiselect>yes</multiselect>
    <query>no</query>
    <active>yes</active>
    <ignore_errors>no</ignore_errors>
    <Create_Debug>no</Create_Debug>
    <api>getfile,c,{r_object_id}
</api>
    <result>OS</result>
    <variables/>
  </function>
  <function>
    <name>Cabinet</name>
    <typetaglist></typetaglist>
    <docbaselist></docbaselist>
    <category>Create objects</category>
    <multiselect>no</multiselect>
    <query>no</query>
    <active>yes</active>
    <ignore_errors>no</ignore_errors>
    <Create_Debug>no</Create_Debug>
    <api>create,c,dm_cabinet

set,c,l,object_name
%Cabinet Name%

save,c,l</api>
    <result>None</result>
    <variables>
      <variable name="Cabinet Name" valid="global" mandatory="yes">
        <caption></caption>
        <default></default>
        <style>input</style>
        <value></value>
      </variable>
    </variables>
  </function>
  <function>
    <name>Folder</name>
    <typetaglist></typetaglist>
    <docbaselist></docbaselist>
    <category>Create objects</category>
    <multiselect>no</multiselect>
    <query>no</query>
    <active>yes</active>
    <ignore_errors>no</ignore_errors>
    <Create_Debug>no</Create_Debug>
    <api>create,c,dm_folder

set,c,l,object_name
%Folder Name%

link,c,l,%Parent Folder%

save,c,l
</api>
    <result>None</result>
    <variables>
      <variable name="Folder Name" valid="global" mandatory="yes">
        <caption></caption>
        <default></default>
        <style>input</style>
        <value></value>
      </variable>
      <variable name="Parent Folder" valid="global" mandatory="yes">
        <caption></caption>
        <default></default>
        <style>folder</style>
        <value></value>
      </variable>
    </variables>
  </function>
  <function>
    <name>Group</name>
    <typetaglist></typetaglist>
    <docbaselist></docbaselist>
    <category>Create objects</category>
    <multiselect>no</multiselect>
    <query>no</query>
    <active>yes</active>
    <ignore_errors>no</ignore_errors>
    <Create_Debug>no</Create_Debug>
    <api>create,c,dm_group

set,c,l,group_name
%Group Name%

set,c,l,group_address
%Group Address%

set,c,l,owner_name
%Owner%

set,c,l,description
%Description%

save,c,l
</api>
    <result>None</result>
    <variables>
      <variable name="Group Name" valid="global" mandatory="yes">
        <caption></caption>
        <default></default>
        <style>input</style>
        <value></value>
      </variable>
      <variable name="Group Address" valid="global" mandatory="no">
        <caption></caption>
        <default></default>
        <style>input</style>
        <value></value>
      </variable>
      <variable name="Owner" valid="global" mandatory="yes">
        <caption></caption>
        <default>dm_dbo</default>
        <style>query</style>
        <value>select user_name from dm_user order by 1</value>
      </variable>
      <variable name="Description" valid="global" mandatory="no">
        <caption></caption>
        <default></default>
        <style>input</style>
        <value></value>
      </variable>
    </variables>
  </function>
  <function>
    <name>Method</name>
    <typetaglist></typetaglist>
    <docbaselist></docbaselist>
    <category>Create objects</category>
    <multiselect>no</multiselect>
    <query>no</query>
    <active>yes</active>
    <ignore_errors>no</ignore_errors>
    <Create_Debug>no</Create_Debug>
    <api>create,c,dm_method

set,c,l,object_name
%Method Name%

set,c,l,title
%Title%

set,c,l,method_verb
%Method Verb%

set,c,l,method_type
%Method Type%

set,c,l,run_as_server
%Run as Server%

set,c,l,use_method_server
%Use Method Server%

save,c,l
</api>
    <result>None</result>
    <variables>
      <variable name="Method Name" valid="global" mandatory="yes">
        <caption></caption>
        <default></default>
        <style>input</style>
        <value></value>
      </variable>
      <variable name="Title" valid="global" mandatory="no">
        <caption></caption>
        <default></default>
        <style>input</style>
        <value></value>
      </variable>
      <variable name="Method Type" valid="global" mandatory="yes">
        <caption></caption>
        <default>java</default>
        <style>list</style>
        <value>"dmawk","dmbasic","java"</value>
      </variable>
      <variable name="Method Verb" valid="global" mandatory="yes">
        <caption></caption>
        <default></default>
        <style>input</style>
        <value></value>
      </variable>
      <variable name="Run as Server" valid="global" mandatory="yes">
        <caption></caption>
        <default>True</default>
        <style>list</style>
        <value>"True||T","False||F"</value>
      </variable>
      <variable name="Use Method Server" valid="global" mandatory="yes">
        <caption></caption>
        <default>False</default>
        <style>list</style>
        <value>"True||T","False||F"</value>
      </variable>
    </variables>
  </function>
  <function>
    <name>User</name>
    <typetaglist></typetaglist>
    <docbaselist></docbaselist>
    <category>Create objects</category>
    <multiselect>no</multiselect>
    <query>no</query>
    <active>yes</active>
    <ignore_errors>no</ignore_errors>
    <Create_Debug>no</Create_Debug>
    <api>create,c,dm_user

set,c,l,user_name
%User Name%

set,c,l,user_os_name
%User OS Name%

set,c,l,user_address
%User Address%

set,c,l,user_group_name
%Default Group%

set,c,l,user_privileges
%User Privileges%

set,c,l,client_capability
%Client Capabilities%

set,c,l,user_source
%User Source%

save,c,l
</api>
    <result>None</result>
    <variables>
      <variable name="User Name" valid="global" mandatory="yes">
        <caption></caption>
        <default></default>
        <style>input</style>
        <value></value>
      </variable>
      <variable name="User OS Name" valid="global" mandatory="yes">
        <caption></caption>
        <default></default>
        <style>input</style>
        <value></value>
      </variable>
      <variable name="User Address" valid="global" mandatory="yes">
        <caption></caption>
        <default></default>
        <style>input</style>
        <value></value>
      </variable>
      <variable name="Default Group" valid="global" mandatory="yes">
        <caption></caption>
        <default></default>
        <style>query</style>
        <value>select group_name from dm_group order by 1</value>
      </variable>
      <variable name="User Privileges" valid="global" mandatory="yes">
        <caption></caption>
        <default></default>
        <style>list</style>
        <value>"None||0","Create Type||1","Create Cabinet||2","Create Type,Cabinet||3","Create Group||4","Create Group,Type||5","Create Group,Cabinet||6","Create Group,Cabinet,Type||7","Sysadmin||8","Superuser||16"</value>
      </variable>
      <variable name="Client Capabilities" valid="global" mandatory="yes">
        <caption></caption>
        <default></default>
        <style>list</style>
        <value>"Consumer||0","Contributor||2","Coordinator||4","Administrator||8"</value>
      </variable>
      <variable name="User Source" valid="global" mandatory="no">
        <caption></caption>
        <default></default>
        <style>list</style>
        <value>"LDAP","unix only","domain only","unix first","domain first"</value>
      </variable>
    </variables>
  </function>
  <function>
    <name>Deactivate User</name>
    <typetaglist>11</typetaglist>
    <docbaselist></docbaselist>
    <category></category>
    <multiselect>yes</multiselect>
    <query>yes</query>
    <active>yes</active>
    <ignore_errors>no</ignore_errors>
    <Create_Debug>no</Create_Debug>
    <api>set,c,{r_object_id},user_state
1

set,c,{r_object_id},description
Inactive

save,c,{r_object_id}

#$Refresh description
</api>
    <result>Count</result>
    <variables/>
  </function>
  <function>
    <name>Dequeue Item</name>
    <typetaglist>1b</typetaglist>
    <docbaselist></docbaselist>
    <category></category>
    <multiselect>yes</multiselect>
    <query>yes</query>
    <active>yes</active>
    <ignore_errors>no</ignore_errors>
    <Create_Debug>no</Create_Debug>
    <api>dequeue,c,{r_object_id}
#$RemoveLine
</api>
    <result>Count</result>
    <variables/>
  </function>
  <function>
    <name>Destroy queue item</name>
    <typetaglist>1b</typetaglist>
    <docbaselist></docbaselist>
    <category></category>
    <multiselect>yes</multiselect>
    <query>yes</query>
    <active>yes</active>
    <ignore_errors>no</ignore_errors>
    <Create_Debug>no</Create_Debug>
    <api>destroy,c,{r_object_id}
</api>
    <result>Count</result>
    <variables/>
  </function>
  <function>
    <name>API Config</name>
    <typetaglist></typetaglist>
    <docbaselist></docbaselist>
    <category>Dump Config Objects</category>
    <multiselect>no</multiselect>
    <query>no</query>
    <active>yes</active>
    <ignore_errors>no</ignore_errors>
    <Create_Debug>no</Create_Debug>
    <api>dump,c,apiconfig
</api>
    <result>Text</result>
    <variables/>
  </function>
  <function>
    <name>Connection Config</name>
    <typetaglist></typetaglist>
    <docbaselist></docbaselist>
    <category>Dump Config Objects</category>
    <multiselect>no</multiselect>
    <query>no</query>
    <active>yes</active>
    <ignore_errors>no</ignore_errors>
    <Create_Debug>no</Create_Debug>
    <api>dump,c,connectionconfig
</api>
    <result>Text</result>
    <variables/>
  </function>
  <function>
    <name>Docbase Config</name>
    <typetaglist></typetaglist>
    <docbaselist></docbaselist>
    <category>Dump Config Objects</category>
    <multiselect>no</multiselect>
    <query>no</query>
    <active>yes</active>
    <ignore_errors>no</ignore_errors>
    <Create_Debug>no</Create_Debug>
    <api>dump,c,docbaseconfig
</api>
    <result>Text</result>
    <variables/>
  </function>
  <function>
    <name>Server Config</name>
    <typetaglist></typetaglist>
    <docbaselist></docbaselist>
    <category>Dump Config Objects</category>
    <multiselect>no</multiselect>
    <query>no</query>
    <active>yes</active>
    <ignore_errors>no</ignore_errors>
    <Create_Debug>no</Create_Debug>
    <api>dump,c,serverconfig
</api>
    <result>Text</result>
    <variables/>
  </function>
  <function>
    <name>Session Config</name>
    <typetaglist></typetaglist>
    <docbaselist></docbaselist>
    <category>Dump Config Objects</category>
    <multiselect>no</multiselect>
    <query>no</query>
    <active>yes</active>
    <ignore_errors>no</ignore_errors>
    <Create_Debug>no</Create_Debug>
    <api>dump,c,sessionconfig
</api>
    <result>Text</result>
    <variables/>
  </function>
  <function>
    <name>Dump Object</name>
    <typetaglist>*</typetaglist>
    <docbaselist></docbaselist>
    <category></category>
    <multiselect>no</multiselect>
    <query>no</query>
    <active>yes</active>
    <ignore_errors>no</ignore_errors>
    <Create_Debug>no</Create_Debug>
    <api>dump,c,{* ID}
</api>
    <result>Text</result>
    <variables/>
  </function>
  <function>
    <name>Start Index Agent</name>
    <typetaglist></typetaglist>
    <docbaselist></docbaselist>
    <category>Index Agent</category>
    <multiselect>no</multiselect>
    <query>yes</query>
    <active>yes</active>
    <ignore_errors>no</ignore_errors>
    <Create_Debug>no</Create_Debug>
    <api>#
# Start IndexAgent
#
# status =   0: running
# status = 100: stopped
#

retrieve,c,dm_ftindex_agent_config

%index_name%=get,c,l,index_name
%object_name%=get,c,l,object_name

%collection%=apply,c,NULL,FTINDEX_AGENT_ADMIN,NAME,S,%index_name%,AGENT_INSTANCE_NAME,S,%object_name%,ACTION,S,start

next,c,%collection%
%result%=get,c,%collection%,status
close,c,%collection%</api>
    <result>Dialog</result>
    <variables/>
  </function>
  <function>
    <name>Stop Index Agent</name>
    <typetaglist></typetaglist>
    <docbaselist></docbaselist>
    <category>Index Agent</category>
    <multiselect>no</multiselect>
    <query>yes</query>
    <active>yes</active>
    <ignore_errors>no</ignore_errors>
    <Create_Debug>no</Create_Debug>
    <api>#
# Start IndexAgent
#
# status =   0: running
# status = 100: stopped
#

retrieve,c,dm_ftindex_agent_config

%index_name%=get,c,l,index_name
%object_name%=get,c,l,object_name

%collection%=apply,c,NULL,FTINDEX_AGENT_ADMIN,NAME,S,%index_name%,AGENT_INSTANCE_NAME,S,%object_name%,ACTION,S,shutdown

next,c,%collection%
%result%=get,c,%collection%,status
close,c,%collection%
</api>
    <result>Dialog</result>
    <variables/>
  </function>
  <function>
    <name>View Status of Index Agent</name>
    <typetaglist></typetaglist>
    <docbaselist></docbaselist>
    <category>Index Agent</category>
    <multiselect>no</multiselect>
    <query>yes</query>
    <active>yes</active>
    <ignore_errors>no</ignore_errors>
    <Create_Debug>no</Create_Debug>
    <api>#
# Start IndexAgent
#
# status =   0: running
# status = 100: stopped
#

retrieve,c,dm_ftindex_agent_config

%index_name%=get,c,l,index_name
%object_name%=get,c,l,object_name

%collection%=apply,c,NULL,FTINDEX_AGENT_ADMIN,NAME,S,%index_name%,AGENT_INSTANCE_NAME,S,%object_name%,ACTION,S,status

next,c,%collection%
%result%=get,c,%collection%,status
close,c,%collection%
</api>
    <result>Dialog</result>
    <variables/>
  </function>
  <function>
    <name>Folder Report</name>
    <typetaglist>09</typetaglist>
    <docbaselist></docbaselist>
    <category>Info</category>
    <multiselect>yes</multiselect>
    <query>no</query>
    <active>yes</active>
    <ignore_errors>no</ignore_errors>
    <Create_Debug>no</Create_Debug>
    <api>#get current r_object_id
%id%={* ID}

# Init result message
%name%=get,c,%id%,object_name
%RESULT%=Folder Report for %name%%CrLf%%CrLf%

# Loop all i_folder_ids
#$Loop i_folder_id
  
  %Folder_ID% =get,c,%id%,i_folder_id[%LoopIndex1%]

  #Loop all r_folder_paths of dm_folder object
  #$Loop r_folder_path(%Folder_ID%)
  
    %FolderPath%=get,c,%Folder_ID%,r_folder_path[%LoopIndex2%]
  
    #Build return value
    %RESULT%=+ %FolderPath%/%name%%CrLf%
  #$EndLoop

#$EndLoop
</api>
    <result>Text</result>
    <variables/>
  </function>
  <function>
    <name>Get filestore path</name>
    <typetaglist>06</typetaglist>
    <docbaselist></docbaselist>
    <category>Info</category>
    <multiselect>yes</multiselect>
    <query>no</query>
    <active>yes</active>
    <ignore_errors>yes</ignore_errors>
    <Create_Debug>no</Create_Debug>
    <api>%1%=apply,c,{r_object_id},GET_PATH
next,c,%1%
%result%=get,c,%1%,result
close,c,%1%

</api>
    <result>Text</result>
    <variables/>
  </function>
  <function>
    <name>Last SQL statement</name>
    <typetaglist></typetaglist>
    <docbaselist></docbaselist>
    <category></category>
    <multiselect>no</multiselect>
    <query>no</query>
    <active>yes</active>
    <ignore_errors>no</ignore_errors>
    <Create_Debug>no</Create_Debug>
    <api>%1%=query,c,EXECUTE GET_LAST_SQL
next,c,%1%
%result%=get,c,%1%,result
close,c,%1%
</api>
    <result>Text</result>
    <variables/>
  </function>
  <function>
    <name>Cancel Checkout</name>
    <typetaglist>09</typetaglist>
    <docbaselist></docbaselist>
    <category>Objects</category>
    <multiselect>yes</multiselect>
    <query>yes</query>
    <active>yes</active>
    <ignore_errors>no</ignore_errors>
    <Create_Debug>no</Create_Debug>
    <api>unlock,c,{r_object_id}
</api>
    <result>Count</result>
    <variables/>
  </function>
  <function>
    <name>Change ACL</name>
    <typetaglist>09</typetaglist>
    <docbaselist></docbaselist>
    <category>Objects</category>
    <multiselect>yes</multiselect>
    <query>no</query>
    <active>yes</active>
    <ignore_errors>no</ignore_errors>
    <Create_Debug>yes</Create_Debug>
    <api># set ACL name
set,c,{r_object_id},acl_name
%ACL Name%

# Set ACL Domain
  set,c,{r_object_id},acl_domain
  %ACL Domain%

# Save 
save,c,{r_object_id}

# Refresh grid
# $Refresh acl_name , acl_domain
</api>
    <result>None</result>
    <variables>
      <variable name="ACL Name" valid="global" mandatory="yes">
        <caption>Bitte w�hlen Sie eine ACL</caption>
        <default></default>
        <style>query</style>
        <value>select object_name from dm_acl where acl_class=0 and owner_name='dm_dbo' order by object_name</value>
      </variable>
      <variable name="ACL ID" valid="global" mandatory="no">
        <caption></caption>
        <default></default>
        <style>api</style>
        <value>id,c,dm_acl where object_name='%ACL Name%'</value>
      </variable>
      <variable name="ACL Domain" valid="global" mandatory="no">
        <caption></caption>
        <default></default>
        <style>api</style>
        <value>get,c,%ACL ID%,owner_name</value>
      </variable>
    </variables>
  </function>
  <function>
    <name>Delete</name>
    <typetaglist>09,08</typetaglist>
    <docbaselist></docbaselist>
    <category>Objects</category>
    <multiselect>yes</multiselect>
    <query>yes</query>
    <active>yes</active>
    <ignore_errors>no</ignore_errors>
    <Create_Debug>no</Create_Debug>
    <api>fetch,c,{r_object_id}
destroy,c,{r_object_id}

#$RemoveLine
</api>
    <result>Count</result>
    <variables/>
  </function>
  <function>
    <name>Delete ALL versions</name>
    <typetaglist>09,08</typetaglist>
    <docbaselist></docbaselist>
    <category>Objects</category>
    <multiselect>yes</multiselect>
    <query>yes</query>
    <active>yes</active>
    <ignore_errors>no</ignore_errors>
    <Create_Debug>no</Create_Debug>
    <api>fetch,c,{r_object_id}

%i_chronicle_id% = get,c,{r_object_id},i_chronicle_id

%Collection%=query,c,select r_object_id from dm_sysobject (all) where i_chronicle_id = '%i_chronicle_id%' order by 1 DESC

#$Loop %Collection%
  %ID%=get,c,%Collection%,r_object_id
  destroy,c,%ID%
#$EndLoop 

#$RemoveLine
</api>
    <result>Count</result>
    <variables/>
  </function>
  <function>
    <name>Move to</name>
    <typetaglist>08,09</typetaglist>
    <docbaselist></docbaselist>
    <category>Objects</category>
    <multiselect>yes</multiselect>
    <query>no</query>
    <active>yes</active>
    <ignore_errors>no</ignore_errors>
    <Create_Debug>no</Create_Debug>
    <api>%Collection% = query,c,UPDATE dm_sysobject (all) OBJECT MOVE TO '%Target%' WHERE r_object_id='{r_object_id}'
close,c,%Collection%

</api>
    <result>Count</result>
    <variables>
      <variable name="Target" valid="global" mandatory="yes">
        <caption>Please enter the target folder</caption>
        <default></default>
        <style>folder</style>
        <value></value>
      </variable>
    </variables>
  </function>
  <function>
    <name>Add Rendition</name>
    <typetaglist>09</typetaglist>
    <docbaselist></docbaselist>
    <category>Renditions</category>
    <multiselect>no</multiselect>
    <query>no</query>
    <active>yes</active>
    <ignore_errors>no</ignore_errors>
    <Create_Debug>no</Create_Debug>
    <api>addrendition,c,{r_object_id},'%Filename%','%Format%'
save,c,{r_object_id}
</api>
    <result>Count</result>
    <variables>
      <variable name="Filename" valid="global" mandatory="yes">
        <caption>Please provide a filename</caption>
        <default></default>
        <style>dialog</style>
        <value>"pdf","tif"</value>
      </variable>
      <variable name="Format" valid="global" mandatory="yes">
        <caption>Format</caption>
        <default>pdf</default>
        <style>list</style>
        <value>"pdf","tiff"</value>
      </variable>
      <variable name="API" valid="global" mandatory="no">
        <caption></caption>
        <default></default>
        <style>api</style>
        <value>id,c,dm_user</value>
      </variable>
    </variables>
  </function>
  <function>
    <name>Remove Rendition</name>
    <typetaglist>09</typetaglist>
    <docbaselist></docbaselist>
    <category>Renditions</category>
    <multiselect>no</multiselect>
    <query>no</query>
    <active>yes</active>
    <ignore_errors>no</ignore_errors>
    <Create_Debug>no</Create_Debug>
    <api>fetch,c,{r_object_id}
removerendition,c,{r_object_id},%Format%
save,c,{r_object_id}
</api>
    <result>Dialog</result>
    <variables>
      <variable name="Format" valid="global" mandatory="yes">
        <caption>Please select rendition format to be removed:</caption>
        <default></default>
        <style>query</style>
        <value>select distinct full_format  from dmr_content where any parent_id ='{r_object_id}' and rendition &lt;&gt; '0' order by 1;</value>
      </variable>
    </variables>
  </function>
  <function>
    <name>Request PDF rendition</name>
    <typetaglist>09</typetaglist>
    <docbaselist></docbaselist>
    <category>Renditions</category>
    <multiselect>yes</multiselect>
    <query>no</query>
    <active>yes</active>
    <ignore_errors>no</ignore_errors>
    <Create_Debug>no</Create_Debug>
    <api>
queue,c,{r_object_id},dm_autorender_win31,rendition,0,F,,rendition_req_ps_pdf

</api>
    <result>Dialog</result>
    <variables/>
  </function>
  <function>
    <name>Show Renditions</name>
    <typetaglist>09</typetaglist>
    <docbaselist></docbaselist>
    <category>Renditions</category>
    <multiselect>no</multiselect>
    <query>no</query>
    <active>yes</active>
    <ignore_errors>no</ignore_errors>
    <Create_Debug>no</Create_Debug>
    <api>getfile,c,{r_object_id},,%Format%
</api>
    <result>OS</result>
    <variables>
      <variable name="Format" valid="global" mandatory="yes">
        <caption>Please choose a format</caption>
        <default></default>
        <style>query</style>
        <value>select distinct full_format  from dmr_content where any parent_id ='{r_object_id}' order by 1;</value>
      </variable>
    </variables>
  </function>
  <function>
    <name>Resubmit</name>
    <typetaglist>1b</typetaglist>
    <docbaselist></docbaselist>
    <category></category>
    <multiselect>yes</multiselect>
    <query>yes</query>
    <active>yes</active>
    <ignore_errors>no</ignore_errors>
    <Create_Debug>no</Create_Debug>
    <api>execquery,c,F,UPDATE dmi_queue_item objects SET task_state = ' ', set message = ' ', set dequeued_by = ' ', set sign_off_user = ' ', set "position" = (select "position" + 1 from dmi_queue_item where r_object_id = '{r_object_id}') WHERE name = 'dm_fulltext_index_user' and r_object_id = '{r_object_id}'
%1%=getlastcoll,c
close,c,%1%
</api>
    <result>Count</result>
    <variables/>
  </function>
  <function>
    <name>View all groups</name>
    <typetaglist>11</typetaglist>
    <docbaselist></docbaselist>
    <category></category>
    <multiselect>no</multiselect>
    <query>no</query>
    <active>yes</active>
    <ignore_errors>no</ignore_errors>
    <Create_Debug>no</Create_Debug>
    <api># Get User Name
%user_name%=get,c,{r_object_id},user_name

# Build Result Header
define %result%=Group Report for User %user_name%%CrLf%%CrLf%

# Exec DQL Query
%Collection%=readquery,c,select group_name from dm_group where any i_all_users_names = '%user_name%'

# Loop Collection
#$Loop %Collection%
  %group_name% = get,c,%Collection%,group_name
  Define %result% =+ %group_name%%CrLf%
#$EndLoop 

# End
</api>
    <result>Dialog</result>
    <variables/>
  </function>
</functiondata>
